<?xml version="1.0" encoding="UTF-8"?>
<project-private xmlns="http://www.netbeans.org/ns/project-private/1">
    <editor-bookmarks xmlns="http://www.netbeans.org/ns/editor-bookmarks/2" lastBookmarkId="0"/>
    <open-files xmlns="http://www.netbeans.org/ns/projectui-open-files/2">
        <group>
            <file>file:/D:/UTP/INTEGRADOR/TRABAJOFINAL/Veterinaria/src/modelo/cita.java</file>
            <file>file:/D:/UTP/INTEGRADOR/TRABAJOFINAL/Veterinaria/src/controlador/DAOhistorial_medico.java</file>
            <file>file:/D:/UTP/INTEGRADOR/TRABAJOFINAL/Veterinaria/src/presentacion/FRMclientes.java</file>
            <file>file:/D:/UTP/INTEGRADOR/TRABAJOFINAL/Veterinaria/src/interfaces/Icita.java</file>
            <file>file:/D:/UTP/INTEGRADOR/TRABAJOFINAL/Veterinaria/src/controlador/DAOmascota.java</file>
            <file>file:/D:/UTP/INTEGRADOR/TRABAJOFINAL/Veterinaria/src/controlador/DAOcita.java</file>
            <file>file:/D:/UTP/INTEGRADOR/TRABAJOFINAL/Veterinaria/src/controlador/DAOraza.java</file>
            <file>file:/D:/UTP/INTEGRADOR/TRABAJOFINAL/Veterinaria/src/presentacion/FRMlistaclientes.java</file>
            <file>file:/D:/UTP/INTEGRADOR/TRABAJOFINAL/Veterinaria/src/presentacion/FRMagenda.java</file>
            <file>file:/D:/UTP/INTEGRADOR/TRABAJOFINAL/Veterinaria/src/presentacion/FRMmascota.java</file>
            <file>file:/D:/UTP/INTEGRADOR/TRABAJOFINAL/Veterinaria/src/controlador/DAOcontrol_acceso.java</file>
        </group>
    </open-files>
</project-private>
